{"loss": [1.03447687625885, 0.8473263382911682, 0.7859454154968262, 0.7390443682670593, 0.7217506170272827, 0.7153259515762329, 0.6778736710548401, 0.6822721362113953, 0.6524951457977295, 0.6463601589202881, 0.6348764300346375, 0.6207204461097717, 0.60658860206604, 0.6071279048919678, 0.6063531041145325, 0.5954542756080627, 0.5914671421051025, 0.5839804410934448, 0.5834978818893433, 0.5787102580070496, 0.5813060402870178, 0.5724473595619202, 0.5702093243598938, 0.568348228931427, 0.5587301254272461, 0.554020345211029, 0.5562823414802551, 0.5512316226959229, 0.546536386013031, 0.5467345118522644, 0.5438714027404785, 0.5450323224067688, 0.5362562537193298, 0.5368860363960266, 0.5352743864059448, 0.5336446762084961, 0.5263569355010986, 0.5254603624343872, 0.5229551792144775, 0.526296079158783, 0.5233184695243835, 0.520549476146698, 0.5264714956283569, 0.5232862830162048, 0.5169167518615723, 0.513823390007019, 0.5195589065551758, 0.5127390027046204, 0.5170903205871582, 0.5120787024497986], "acc": [0.6110919117927551, 0.6821901798248291, 0.7029488682746887, 0.7184831500053406, 0.7215820550918579, 0.7251457571983337, 0.7383262515068054, 0.7369289398193359, 0.7485660314559937, 0.7501392364501953, 0.755288302898407, 0.759374737739563, 0.7644214034080505, 0.764369785785675, 0.7644355893135071, 0.7687361836433411, 0.7697129249572754, 0.7727004885673523, 0.7727149128913879, 0.7751753926277161, 0.7741281986236572, 0.7767446637153625, 0.777203381061554, 0.7789997458457947, 0.781589686870575, 0.7836711406707764, 0.7830080986022949, 0.7849182486534119, 0.7866024374961853, 0.7864163517951965, 0.7877690196037292, 0.7870830297470093, 0.7903197407722473, 0.789856493473053, 0.7907922267913818, 0.791045069694519, 0.7941626310348511, 0.7936660647392273, 0.795458197593689, 0.7940601706504822, 0.7948914170265198, 0.7964881658554077, 0.7937932014465332, 0.7953696250915527, 0.7974324822425842, 0.7986879944801331, 0.7963272929191589, 0.7987623810768127, 0.7973058223724365, 0.7991005778312683], "val_loss": [1.57699453830719, 1.5995169878005981, 1.6658061742782593, 1.6878528594970703, 1.6342039108276367, 1.0380364656448364, 0.9389188289642334, 0.7298605442047119, 1.0345547199249268, 0.7909682393074036, 0.9336763620376587, 0.7453576326370239, 0.707075834274292, 0.8959384560585022, 1.0344531536102295, 0.9838423728942871, 0.7043148279190063, 1.2530628442764282, 0.7635895609855652, 0.8741194605827332, 0.7972525358200073, 0.6988319754600525, 0.7477589249610901, 0.7373464107513428, 0.6740732192993164, 0.7745038866996765, 0.7149431705474854, 0.6862998008728027, 0.6327119469642639, 0.7009491920471191, 0.7017360329627991, 0.6782776117324829, 0.8530687689781189, 0.6681360602378845, 0.6579866409301758, 0.6716976761817932, 0.6203417181968689, 0.6238918304443359, 0.6385617852210999, 0.7933222651481628, 0.6328259110450745, 0.6670109629631042, 0.6233854293823242, 0.6931991577148438, 0.6139373779296875, 0.6403010487556458, 0.6594480276107788, 0.745854377746582, 0.7404673099517822, 0.6190932989120483], "val_acc": [0.2686767578125, 0.2686767578125, 0.30881696939468384, 0.27384382486343384, 0.27908238768577576, 0.5750697255134583, 0.6146065592765808, 0.7121495008468628, 0.5352957844734192, 0.6880179047584534, 0.6121076345443726, 0.7103184461593628, 0.7204520106315613, 0.6302525401115417, 0.5988054275512695, 0.6104788780212402, 0.720812976360321, 0.49741560220718384, 0.6973231434822083, 0.646740734577179, 0.6714076399803162, 0.728076159954071, 0.692614734172821, 0.708447277545929, 0.7338570952415466, 0.6954746842384338, 0.7331333756446838, 0.7271327376365662, 0.7486310601234436, 0.7163295149803162, 0.7263131141662598, 0.7281476855278015, 0.6459751725196838, 0.732165515422821, 0.7382620573043823, 0.7321306467056274, 0.7557756900787354, 0.7541189789772034, 0.7495588064193726, 0.6726893782615662, 0.7503767013549805, 0.7337559461593628, 0.7526384592056274, 0.7255162000656128, 0.7566877007484436, 0.7504690885543823, 0.737622082233429, 0.7123168706893921, 0.7016618847846985, 0.7550728917121887]}